{
    "admin": {
        "seen_paintings": [
            "000077",
            "000063",
            "000091",
            "000098",
            "000058",
            "000054",
            "000084",
            "000081",
            "000039",
            "000033",
            "000070",
            "000029",
            "000089",
            "000101",
            "000053",
            "024146",
            "015647",
            "009694",
            "009202",
            "002719",
            "017518",
            "011512",
            "007851",
            "024661",
            "020306",
            "022431",
            "030891",
            "017339",
            "025142",
            "023384",
            "011103",
            "021272",
            "024195",
            "024696",
            "027554",
            "030514",
            "013860",
            "012695",
            "020657",
            "022848",
            "030872",
            "000698",
            "007789",
            "028743",
            "029351",
            "016172",
            "020388",
            "030852",
            "002773",
            "010333",
            "020571",
            "028081",
            "018721",
            "024048",
            "013815"
        ],
        "ground_truths_created": {
            "000077": [
                0.4818834066390991,
                0.4420435428619385,
                0.5569871664047241,
                0.5319901704788208,
                0.4723491966724396,
                0.46381253004074097,
                0.4015038311481476,
                0.553877055644989,
                0.4644656479358673,
                0.5285177230834961,
                0.5723600387573242,
                0.3318846821784973,
                0.4085128903388977,
                0.5233790874481201,
                0.4419463276863098,
                0.4126986563205719
            ],
            "000063": [
                0.44723471999168396,
                0.4660934507846832,
                0.5693392157554626,
                0.5307009816169739,
                0.4780482053756714,
                0.4108242392539978,
                0.4240560829639435,
                0.5348300933837891,
                0.6381762623786926,
                0.4905509054660797,
                0.5845373868942261,
                0.36460617184638977,
                0.38777628540992737,
                0.48887431621551514,
                0.5364040732383728,
                0.3715151250362396
            ],
            "000029": [
                0.6173959374427795,
                0.5162790417671204,
                0.5984445214271545,
                0.5829640626907349,
                0.49575987458229065,
                0.37596482038497925,
                0.5525264739990234,
                0.5250943899154663,
                0.5132224559783936,
                0.6018592119216919,
                0.6465131640434265,
                0.658634603023529,
                0.5456761717796326,
                0.4276486039161682,
                0.4955882430076599,
                0.4629683494567871
            ],
            "000089": [
                0.4919191002845764,
                0.5127922296524048,
                0.5849716663360596,
                0.5041144490242004,
                0.48447269201278687,
                0.49123212695121765,
                0.6023949980735779,
                0.5465084910392761,
                0.4063391387462616,
                0.5351700782775879,
                0.49955299496650696,
                0.5264930725097656,
                0.5732069611549377,
                0.4950869083404541,
                0.5403584837913513,
                0.5105260610580444
            ],
            "024146": [
                -3.046226739883423,
                -3.3713736534118652,
                -2.933058023452759,
                -3.110469341278076,
                -2.637087106704712,
                2.383819818496704,
                -3.6650941371917725,
                -3.326016664505005,
                -3.252938747406006,
                -1.8465474843978882,
                2.121431827545166,
                -3.2889180183410645,
                0.1874994933605194,
                0.2013062685728073,
                -0.033882901072502136,
                0.12307391315698624,
                -0.03186199069023132,
                0.059660620987415314
            ]
        }
    }
}