{
    "admin": {
        "seen_paintings": [
            "000077",
            "000063",
            "000091",
            "000098",
            "000058",
            "000054",
            "000084",
            "000081",
            "000039",
            "000033",
            "000070"
        ],
        "ground_truths_created": {
            "000077": [
                0.4818834066390991,
                0.4420435428619385,
                0.5569871664047241,
                0.5319901704788208,
                0.4723491966724396,
                0.46381253004074097,
                0.4015038311481476,
                0.553877055644989,
                0.4644656479358673,
                0.5285177230834961,
                0.5723600387573242,
                0.3318846821784973,
                0.4085128903388977,
                0.5233790874481201,
                0.4419463276863098,
                0.4126986563205719
            ],
            "000063": [
                0.44723471999168396,
                0.4660934507846832,
                0.5693392157554626,
                0.5307009816169739,
                0.4780482053756714,
                0.4108242392539978,
                0.4240560829639435,
                0.5348300933837891,
                0.6381762623786926,
                0.4905509054660797,
                0.5845373868942261,
                0.36460617184638977,
                0.38777628540992737,
                0.48887431621551514,
                0.5364040732383728,
                0.3715151250362396
            ]
        }
    }
}