{
    "admin": {
        "seen_paintings": [
            "000004",
            "000002",
            "000006",
            "000094",
            "000067",
            "000098",
            "000092",
            "000099",
            "000082",
            "000025",
            "000019",
            "000064",
            "000031",
            "000013",
            "000030",
            "000101",
            "000065",
            "000096",
            "000011",
            "000069",
            "000083",
            "000026",
            "000007",
            "000048",
            "000027",
            "000061",
            "000003",
            "000097",
            "000032",
            "000077",
            "000072",
            "000035",
            "000074",
            "000036",
            "000078",
            "000047",
            "000071",
            "000042",
            "000009",
            "000075",
            "000046",
            "000051",
            "000049",
            "000018",
            "000081",
            "000057",
            "000029",
            "000039",
            "000084",
            "000102",
            "000068",
            "000058",
            "000038",
            "000093",
            "000041",
            "000054",
            "000012",
            "000016",
            "000033",
            "000010",
            "000028",
            "000055",
            "000086",
            "000020",
            "000040",
            "000073",
            "000008",
            "000062",
            "000076"
        ],
        "ground_truths_created": {
            "painting_123": [
                0.1,
                0.2,
                0.3,
                0.4,
                0.5,
                0.6,
                0.7,
                0.8,
                0.9,
                1.0,
                0.11,
                0.12,
                0.13,
                0.14,
                0.15,
                0.16,
                0.17
            ],
            "000047": [
                0.2805026103948247,
                0.6093830348310617,
                0.11911169417699252,
                0.15170452546740187,
                0.4329666570578645,
                0.9452022841034374,
                0.20293480691163357,
                0.016284656700717326,
                0.1904630481911217,
                0.3312482332898572,
                0.8977629923558588,
                0.24819732611080225,
                0.747566759896593,
                0.6226884207994372,
                0.9695422549025282,
                0.9572791558731201,
                0.7499190900456447
            ],
            "000071": [
                0.694095796660803,
                0.6862754050588784,
                0.6057913267962248,
                0.40341262070694084,
                0.8060748801232421,
                0.446666338130708,
                0.8404414981497464,
                0.3034303288099184,
                0.9965787378091302,
                0.4743613403081942,
                0.9551185005078202,
                0.4145882253882305,
                0.6801376440336241,
                0.6670039871502514,
                0.5258110261669727,
                0.22609214077065176,
                0.3845772499607836
            ],
            "000042": [
                0.038724468557142844,
                0.29235310904865597,
                0.41280665683327833,
                0.24011246929005536,
                0.06583439461685525,
                0.9077963441405633,
                0.2955213928512943,
                0.26405477539903355,
                0.4480340667287812,
                0.9566165904518676,
                0.9127790977788311,
                0.9290823026784681,
                0.05272567384539695,
                0.16607117798542448,
                0.4621355197409832,
                0.549067334958916,
                0.21481514058359286
            ],
            "000046": [
                0.8425045895145812,
                0.0004971326708740342,
                0.8503406537580391,
                0.12697364597173189,
                0.6593385708863228,
                0.3761028235817616,
                0.11083363075265606,
                0.7679973674820704,
                0.4157380866170325,
                0.5933392939361338,
                0.9304012107506143,
                0.28546183791627056,
                0.9328744275080356,
                0.2663257091298108,
                0.8871936544436074,
                0.4437410307242845,
                0.6301394534890361
            ],
            "000051": [
                0.8149110925483288,
                0.5976618806993726,
                0.469633474193046,
                0.7795654207548688,
                0.7128539532877928,
                0.28536035193040166,
                0.17378536648958864,
                0.6285321778035894,
                0.4983252693829203,
                0.4939645358484491,
                0.7249609959386799,
                0.8476079650111104,
                0.05697319637875553,
                0.9992130061211022,
                0.11087009798518455,
                0.14404507853604076,
                0.014466380658355593
            ],
            "000018": [
                0.582350007709373,
                0.041953818180067604,
                0.8427815683041213,
                0.8705542031478202,
                0.4445276212271111,
                0.060171196610057764,
                0.7647083169905589,
                0.4105645305370499,
                0.7862126563427653,
                0.33466858852026604,
                0.7726023325487279,
                0.7743144825287691,
                0.22579198537591338,
                0.994140931340821,
                0.506039793828448,
                0.47837281426783484,
                0.15185997846152743
            ],
            "000081": [
                0.38889473720298007,
                0.48789726632660824,
                0.9187046175278671,
                0.14426751555527673,
                0.6665035446168611,
                0.1873974282890135,
                0.3271331207371988,
                0.3954300886885376,
                0.9148577243215871,
                0.6879899644505691,
                0.5449994062171997,
                0.6923299305025044,
                0.15866551726627964,
                0.3541656296200494,
                0.5134524736754308,
                0.3429919704080855,
                0.9682778015651967
            ],
            "000029": [
                0.9767696817582854,
                0.3343190968562054,
                0.19666152689410288,
                0.5091735845807157,
                0.59737535876921,
                0.6227786269374693,
                0.9280912825724211,
                0.8641796269405012,
                0.22554863217175325,
                0.22287217863121467,
                0.07818830829852252,
                0.6788777715673919,
                0.9561898172020717,
                0.45920141019148375,
                0.33620798191085755,
                0.7277056955142358,
                0.2614123160812769
            ],
            "000039": [
                0.8694238553431861,
                0.150680634149575,
                0.10043437600489313,
                0.02956168080654631,
                0.502580000693894,
                0.32063815388339656,
                0.76965686545006,
                0.7492849419478469,
                0.32852309787911393,
                0.28699375015890294,
                0.3232823933746122,
                0.5278999164540455,
                0.7758452300047767,
                0.6214413509854192,
                0.01200167617288772,
                0.6474516999377918,
                0.8659905022081227
            ],