{
  "train_loss": [
    0.2762063095966975,
    0.26099063952763873,
    0.2608277052640915,
    0.24530350416898727,
    0.2363173415263494,
    0.24223979065815607,
    0.22867513944705328,
    0.25897757709026337,
    0.24459224939346313
  ],
  "val_loss": [
    0.27951136231422424,
    0.256311297416687,
    0.249627947807312,
    0.24702422320842743,
    0.25388312339782715,
    0.2578161954879761,
    0.2616218030452728,
    0.2540542185306549,
    0.25256580114364624
  ],
  "learning_rates": [
    0.0001,
    0.0001,
    0.0001,
    0.0001,
    0.0001,
    0.0001,
    0.0001,
    0.0001,
    5e-05
  ]
}